{"cameraMode":{"drawMode":0,"name":"Shaded","section":"Shading Mode"},"sceneLighting":false,"audioPlay":false,"sceneViewState":{"showFog":true,"showMaterialUpdate":false,"showSkybox":false,"showFlares":true,"showImageEffects":true,"showParticleSystems":true},"in2DMode":false,"pivot":{"x":0.0,"y":1.0174243450164796,"z":0.02698373794555664},"rotation":{"x":-0.05373068526387215,"y":0.8801813125610352,"z":-0.10252023488283158,"w":-0.4604608714580536},"size":1.9118525981903077,"orthographic":false}