{"cameraMode":{"drawMode":0,"name":"Shaded","section":"Shading Mode"},"sceneLighting":true,"audioPlay":false,"sceneViewState":{"showFog":true,"showMaterialUpdate":false,"showSkybox":true,"showFlares":true,"showImageEffects":true,"showParticleSystems":true},"in2DMode":false,"pivot":{"x":-2.1361243724823,"y":13.610408782958985,"z":9.879659652709961},"rotation":{"x":-0.012785591185092926,"y":0.9482630491256714,"z":-0.3152812123298645,"w":-0.03737522289156914},"size":31.022216796875,"orthographic":false}